codigo,year,fecha_inc,municipio,provincia,ha_attr,ha_geom,ha_best,centroid_lon,centroid_lat,and_bbox_ok,qa_geometry,score_base,firms_n,score_total,tier,score_reasons,source_path,feature_index,sup_arbola,sup_matorr,sup_pastiz,bbox_wgs84
2024040053,2024,2024-06-06,NIJAR,Almería,2143.95,2169.34,2143.95,-2.2401332036807955,36.933016524641,True,ok,50,,50,gold,ha>=1000(+30);year>=2023(+15);attrs_loc(+5);bbox_and_ok,data\open_if\rediam_andalucia\wfs_cache\2024\perim_incendios_2024.geojson,2,2.650000000000000,1.48461000000e+03,656.690000000000055,"[-2.2723212173713465, 36.88051530183942, -2.2113899909939727, 36.983685264155156]"
2024140035,2024,2024-07-12,OBEJO,Córdoba,2093.06,2095.86,2093.06,-4.746340636408272,38.04462786839396,True,repaired,50,,50,silver,ha>=1000(+30);year>=2023(+15);attrs_loc(+5);bbox_and_ok,data\open_if\rediam_andalucia\wfs_cache\2024\perim_incendios_2024.geojson,7,167.509999999999991,1105.11999999999989,820.429999999999950,"[-4.787802202566868, 38.01689647532039, -4.7038951455854265, 38.06985393504842]"
IIFF2025040059,2025,2025-08-28,LUBRIN,Almería,783.3,909.99,783.3,-2.0423442235075093,37.193623433419354,True,ok,40,,40,silver,ha>=500(+20);year>=2023(+15);attrs_loc(+5);bbox_and_ok,data\open_if\rediam_andalucia\wfs_cache\2025\perim_incendios_2025.geojson,46,1.98100000000e+01,7.53440000000e+02,1.00500000000e+01,"[-2.0642478949999252, 37.17637764890878, -2.0202656389998745, 37.21122071690912]"
2024230050,2024,2024-08-18,ANDUJAR,Jaén,772.62,797.73,772.62,-3.966138733308073,38.153679296755975,True,ok,40,,40,bronze,ha>=500(+20);year>=2023(+15);attrs_loc(+5);bbox_and_ok,data\open_if\rediam_andalucia\wfs_cache\2024\perim_incendios_2024.geojson,27,333.899999999999977,175.830000000000013,262.889999999999986,"[-4.001579325820184, 38.132833519681185, -3.924470689258539, 38.16834572365396]"
2024040012,2024,2024-02-09,ENIX,Almería,640.8,643.72,640.8,-2.5352321410104897,36.86778857257351,True,ok,40,,40,bronze,ha>=500(+20);year>=2023(+15);attrs_loc(+5);bbox_and_ok,data\open_if\rediam_andalucia\wfs_cache\2024\perim_incendios_2024.geojson,1,9.160000000000000,577.340000000000032,54.299999999999997,"[-2.561400060000214, 36.851165545616965, -2.512781874387781, 36.89072312142922]"
2024110011,2024,2024-06-03,TARIFA,Cádiz,573.35,576.86,573.35,-5.661686780537303,36.09488333237613,True,ok,40,,40,bronze,ha>=500(+20);year>=2023(+15);attrs_loc(+5);bbox_and_ok,data\open_if\rediam_andalucia\wfs_cache\2024\perim_incendios_2024.geojson,3,100.849999999999994,433.660000000000025,38.840000000000003,"[-5.680496699126509, 36.07679097092164, -5.643935267014404, 36.109489644299856]"
2022290044,2022,2022-06-08,JUZCAR,Málaga,4845.53,4865.4,4845.53,-5.120981116058093,36.55117352487033,True,ok,35,,35,bronze,ha>=1000(+30);attrs_loc(+5);bbox_and_ok,data\open_if\rediam_andalucia\wfs_cache\2022\perim_incendios_2022.geojson,1,2.74335439261e+03,1.81018372718e+03,2.91993919366e+02,"[-5.169576489741392, 36.48729273908131, -5.075341077738658, 36.602279695715445]"
2022180083,2022,2022-09-08,LOS GUAJARES,Granada,4654.76,5198.2,4654.76,-3.5889651016599085,36.88387825750184,True,ok,35,,35,bronze,ha>=1000(+30);attrs_loc(+5);bbox_and_ok,data\open_if\rediam_andalucia\wfs_cache\2022\perim_incendios_2022.geojson,19,2.20970840000e+03,2.22992220000e+03,2.15125300000e+02,"[-3.6585427836253275, 36.84893137777551, -3.5042192430411303, 36.918313764641674]"
2022290065,2022,2022-07-15,MIJAS,Málaga,1853.06,1876.11,1853.06,-4.636689226200328,36.624664700875705,True,ok,35,,35,bronze,ha>=1000(+30);attrs_loc(+5);bbox_and_ok,data\open_if\rediam_andalucia\wfs_cache\2022\perim_incendios_2022.geojson,3,1.01845105662e+03,7.69882753956e+02,6.47238327070e+01,"[-4.707057086033434, 36.602614528112746, -4.594324887247263, 36.64273426321263]"
IIFF2025210122,2025,2025-08-13,AROCHE,Huelva,473.14,362.97,473.14,-6.945525757242162,38.03652735439656,True,ok,30,,30,bronze,ha>=100(+10);year>=2023(+15);attrs_loc(+5);bbox_and_ok,data\open_if\rediam_andalucia\wfs_cache\2025\perim_incendios_2025.geojson,7,1.62320000000e+02,8.37200000000e+01,2.27100000000e+02,"[-6.960541610091607, 38.02439198291496, -6.928089558086309, 38.049768679915324]"
IIFF2025140110,2025,2025-08-16,VILLANUEVA DEL REY,Córdoba,427.2,316.98,427.2,-5.173043947626505,38.220057497164426,True,ok,30,,30,bronze,ha>=100(+10);year>=2023(+15);attrs_loc(+5);bbox_and_ok,data\open_if\rediam_andalucia\wfs_cache\2025\perim_incendios_2025.geojson,12,2.35220000000e+02,4.59100000000e+01,1.46070000000e+02,"[-5.1845138830013315, 38.21122091091737, -5.160961682001143, 38.23123449891756]"
2024180055,2024,2024-08-13,ALMUÑECAR,Granada,414.62,588.38,414.62,-3.7376749970602816,36.781510870960055,True,ok,30,,30,bronze,ha>=100(+10);year>=2023(+15);attrs_loc(+5);bbox_and_ok,data\open_if\rediam_andalucia\wfs_cache\2024\perim_incendios_2024.geojson,14,45.280000000000001,352.639999999999986,16.699999999999999,"[-3.766678137999967, 36.765093488905, -3.7181019149999686, 36.79750222590535]"
2023210093,2023,2023-08-05,BONARES,Huelva,304.93,425.49,304.93,-6.690066521467591,37.30343289278431,True,ok,30,,30,bronze,ha>=100(+10);year>=2023(+15);attrs_loc(+5);bbox_and_ok,data\open_if\rediam_andalucia\wfs_cache\2023\perim_incendios_2023.geojson,30,262.405000,21.853700,20.670000,"[-6.7189262384137445, 37.290531194911736, -6.667484987570282, 37.318486632248145]"
IIFF2025210057,2025,2025-06-21,ZALAMEA LA REAL,Huelva,270.52,278.15,270.52,-6.725245621179094,37.63928318526578,True,ok,30,,30,bronze,ha>=100(+10);year>=2023(+15);attrs_loc(+5);bbox_and_ok,data\open_if\rediam_andalucia\wfs_cache\2025\perim_incendios_2025.geojson,5,8.10100000000e+01,1.91500000000e+01,1.70360000000e+02,"[-6.740894699062671, 37.62457142291193, -6.708635884058893, 37.6554171399122]"
IIFF2025110073,2025,2025-08-05,TARIFA,Cádiz,270.5,270.1,270.5,-5.666347866762457,36.07174550799622,True,repaired,30,,30,bronze,ha>=100(+10);year>=2023(+15);attrs_loc(+5);bbox_and_ok,data\open_if\rediam_andalucia\wfs_cache\2025\perim_incendios_2025.geojson,37,4.07899000000e+01,1.84489800000e+02,4.52157000000e+01,"[-5.685396935006531, 36.05790638189818, -5.657899263005977, 36.08652606389841]"
2024140036,2024,2024-07-14,HINOJOSA DEL DUQUE,Córdoba,270.43,278.23,270.43,-5.080404986000227,38.39575843738507,True,ok,30,,30,bronze,ha>=100(+10);year>=2023(+15);attrs_loc(+5);bbox_and_ok,data\open_if\rediam_andalucia\wfs_cache\2024\perim_incendios_2024.geojson,8,6.050000000000000,0.000000000000000,264.379999999999995,"[-5.099645620845796, 38.3822450918771, -5.064657404079941, 38.41097166549316]"
IIFF2025110038,2025,2025-07-03,TARIFA,Cádiz,229.8,162.48,229.8,-5.693215528535935,36.16232582604661,True,ok,30,,30,bronze,ha>=100(+10);year>=2023(+15);attrs_loc(+5);bbox_and_ok,data\open_if\rediam_andalucia\wfs_cache\2025\perim_incendios_2025.geojson,2,5.92679000000e+01,2.07831000000e+01,1.49749800000e+02,"[-5.706576406006858, 36.15762584289923, -5.675244572006301, 36.16590650889918]"
2023290132,2023,2023-11-12,MIJAS,Málaga,191.19,210.84,191.19,-4.68109853885676,36.58073347842775,True,ok,30,,30,bronze,ha>=100(+10);year>=2023(+15);attrs_loc(+5);bbox_and_ok,data\open_if\rediam_andalucia\wfs_cache\2023\perim_incendios_2023.geojson,29,1.831026,151.561561,37.801228,"[-4.68885319278607, 36.56267589371042, -4.672057297838396, 36.601765064596606]"
IIFF2025210164,2025,2025-09-12,CALAÑAS,Huelva,164.28,200.92,164.28,-6.868902982157875,37.66204510409512,True,ok,30,,30,bronze,ha>=100(+10);year>=2023(+15);attrs_loc(+5);bbox_and_ok,data\open_if\rediam_andalucia\wfs_cache\2025\perim_incendios_2025.geojson,48,7.37900000000e+01,2.55800000000e+01,6.49100000000e+01,"[-6.883849100081577, 37.650385983912095, -6.853513012077237, 37.67107621091216]"
2023040053,2023,2023-03-31,CANTORIA,Almería,159.04,170.45,159.04,-2.125127646686478,37.33130929451663,True,ok,30,,30,bronze,ha>=100(+10);year>=2023(+15);attrs_loc(+5);bbox_and_ok,data\open_if\rediam_andalucia\wfs_cache\2023\perim_incendios_2023.geojson,19,0.777045,147.634886,10.631754,"[-2.133345299999909, 37.321941700910074, -2.1153266999998914, 37.33937230091013]"
2023110074,2023,2023-09-16,ALGECIRAS,Cádiz,142.54,142.99,142.54,-5.460563360891312,36.08155003708131,True,ok,30,,30,bronze,ha>=100(+10);year>=2023(+15);attrs_loc(+5);bbox_and_ok,data\open_if\rediam_andalucia\wfs_cache\2023\perim_incendios_2023.geojson,36,3.826300,136.572000,2.143400,"[-5.471266517068857, 36.07322441712452, -5.446283119913028, 36.09224066712]"
2023110047,2023,2023-08-01,LA LINEA DE LA CONCEPCIÓN,Cádiz,124.14,154.18,124.14,-5.331939931965208,36.21277760065585,True,ok,30,,30,bronze,ha>=100(+10);year>=2023(+15);attrs_loc(+5);bbox_and_ok,data\open_if\rediam_andalucia\wfs_cache\2023\perim_incendios_2023.geojson,2,8.927000,104.339000,10.877400,"[-5.345166862908563, 36.20632479531133, -5.322640913240713, 36.22096506491537]"
2024410042,2024,2024-08-02,CANTILLANA,Sevilla,112.9,113.79,112.9,-5.864614450861324,37.634387256535334,True,ok,30,,30,bronze,ha>=100(+10);year>=2023(+15);attrs_loc(+5);bbox_and_ok,data\open_if\rediam_andalucia\wfs_cache\2024\perim_incendios_2024.geojson,37,76.188100000000006,4.195100000000000,32.517299999999999,"[-5.8737026013707965, 37.62680114390775, -5.8541282828037, 37.641917780231665]"
IIFF2025410062,2025,2025-07-18,MORON DE LA FRONTERA,Sevilla,24.25,110.96,110.96,-5.4558553245315675,37.07151725585577,True,ok;qa_area_mismatch,30,,30,bronze,ha>=100(+10);year>=2023(+15);attrs_loc(+5);bbox_and_ok,data\open_if\rediam_andalucia\wfs_cache\2025\perim_incendios_2025.geojson,14,2.45000000000e+00,1.70000000000e+00,2.01000000000e+01,"[-5.47677233300341, 37.06436275390779, -5.432376091003036, 37.07666464290786]"
2023410032,2023,2023-05-16,LA PUEBLA DEL RIO,Sevilla,109.57,125.6,109.57,-6.136274975717487,37.269378323647416,True,ok,30,,30,bronze,ha>=100(+10);year>=2023(+15);attrs_loc(+5);bbox_and_ok,data\open_if\rediam_andalucia\wfs_cache\2023\perim_incendios_2023.geojson,24,10.950000,38.350000,60.270000,"[-6.145039240989892, 37.26059490804667, -6.127364691115637, 37.275579386714966]"
2024140080,2024,2024-09-07,LOS BLAZQUEZ,Córdoba,100.74,101.4,100.74,-5.453275471088482,38.48871463498429,True,ok,30,,30,bronze,ha>=100(+10);year>=2023(+15);attrs_loc(+5);bbox_and_ok,data\open_if\rediam_andalucia\wfs_cache\2024\perim_incendios_2024.geojson,11,0.230000000000000,17.020000000000000,83.489999999999995,"[-5.4669673292415215, 38.48445621496966, -5.441677236375292, 38.49250819820025]"
2024140080,2024,2024-09-07,LOS BLAZQUEZ,Córdoba,100.74,101.4,100.74,-5.453275471088482,38.48871463498429,True,ok,30,,30,bronze,ha>=100(+10);year>=2023(+15);attrs_loc(+5);bbox_and_ok,data\open_if\rediam_andalucia\wfs_cache\2024\perim_incendios_2024.geojson,12,0.230000000000000,17.020000000000000,83.489999999999995,"[-5.4669673292415215, 38.48445621496966, -5.441677236375292, 38.49250819820025]"
2022210076,2022,2022-07-25,ALMONTE,Huelva,912.79,967.69,912.79,-6.56467997997497,37.21938795153622,True,ok,25,,25,bronze,ha>=500(+20);attrs_loc(+5);bbox_and_ok,data\open_if\rediam_andalucia\wfs_cache\2022\perim_incendios_2022.geojson,7,8.53990231610e+02,2.67992306260e+01,3.20038824060e+01,"[-6.611260602204142, 37.179104681373104, -6.527568525492848, 37.24559101615359]"
2022230066,2022,2022-07-15,TORRES DE ALBANCHEZ,Jaén,619.05,663.82,619.05,-2.7625047855123817,38.51247406978487,True,ok,25,,25,bronze,ha>=500(+20);attrs_loc(+5);bbox_and_ok,data\open_if\rediam_andalucia\wfs_cache\2022\perim_incendios_2022.geojson,18,7.59412171071e+01,3.71732014610e+02,1.71380607189e+02,"[-2.7890991918268946, 38.500861944291444, -2.7363121394768943, 38.527742869176635]"
2022230085,2022,2022-08-04,JODAR,Jaén,579.33,598.41,579.33,-3.308012401743996,37.774106346935135,True,ok,25,,25,bronze,ha>=500(+20);attrs_loc(+5);bbox_and_ok,data\open_if\rediam_andalucia\wfs_cache\2022\perim_incendios_2022.geojson,10,2.28206849969e+02,2.49622366357e+02,1.01501377837e+02,"[-3.3306141386880332, 37.75562635728873, -3.2809955091051526, 37.79352302474713]"
2022210075,2022,2022-07-25,BONARES,Huelva,578.5,851.07,578.5,-6.627068375031934,37.28535474130141,True,ok,25,,25,bronze,ha>=500(+20);attrs_loc(+5);bbox_and_ok,data\open_if\rediam_andalucia\wfs_cache\2022\perim_incendios_2022.geojson,6,4.34946800000e+02,2.03268000000e+01,1.23222400000e+02,"[-6.65953524093689, 37.25014990587165, -6.579695891918884, 37.30947321114145]"
2023410027,2023,2023-05-06,AZNALCAZAR,Sevilla,99.0,98.69,99.0,-6.200503235222286,37.1787655231216,True,ok,20,,20,bronze,year>=2023(+15);attrs_loc(+5);bbox_and_ok,data\open_if\rediam_andalucia\wfs_cache\2023\perim_incendios_2023.geojson,12,0.000000,0.000000,99.000000,"[-6.206862682787914, 37.17166006705889, -6.195000677118973, 37.19033123648152]"
IIFF2025210163,2025,2025-09-12,PATERNA DEL CAMPO,Huelva,97.3,111.33,97.3,-6.444150825934981,37.48707329380578,True,ok,20,,20,bronze,year>=2023(+15);attrs_loc(+5);bbox_and_ok,data\open_if\rediam_andalucia\wfs_cache\2025\perim_incendios_2025.geojson,40,3.74800000000e+01,3.31300000000e+01,2.66900000000e+01,"[-6.452955328035853, 37.480014868911105, -6.437446877034719, 37.493810464911185]"
2024210086,2024,2024-08-09,VILLANUEVA DE LOS CASTILLEJOS,Huelva,95.34,95.07,95.34,-7.346175172781491,37.436031643909786,True,ok,20,,20,bronze,year>=2023(+15);attrs_loc(+5);bbox_and_ok,data\open_if\rediam_andalucia\wfs_cache\2024\perim_incendios_2024.geojson,19,0.000000000000000,3.920000000000000,91.420000000000002,"[-7.35309488079371, 37.429468389447415, -7.34068635259344, 37.44579216044962]"
IIFF2025140081,2025,2025-07-25,VALSEQUILLO,Córdoba,92.84,92.82,92.84,-5.382222158033739,38.491776462551464,True,ok,20,,20,bronze,year>=2023(+15);attrs_loc(+5);bbox_and_ok,data\open_if\rediam_andalucia\wfs_cache\2025\perim_incendios_2025.geojson,8,0.00000000000e+00,0.00000000000e+00,9.28400000000e+01,"[-5.388149445002412, 38.483725746919426, -5.376145387002377, 38.498261167919495]"
IIFF2025410024,2025,2025-06-20,CASTILBLNACO DE LOS ARROYOS,Sevilla,90.74,90.65,90.74,-5.946544522427194,37.64533177259929,True,ok,20,,20,bronze,year>=2023(+15);attrs_loc(+5);bbox_and_ok,data\open_if\rediam_andalucia\wfs_cache\2025\perim_incendios_2025.geojson,34,3.95000000000e+00,3.74000000000e+01,4.93900000000e+01,"[-5.952194511011763, 37.63827455391265, -5.93909560601135, 37.652777110912844]"
2023410074,2023,2023-08-29,LORA DEL RIO,Sevilla,77.77,88.69,77.77,-5.4354602032650154,37.74992805812728,True,ok,20,,20,bronze,year>=2023(+15);attrs_loc(+5);bbox_and_ok,data\open_if\rediam_andalucia\wfs_cache\2023\perim_incendios_2023.geojson,25,0.000000,77.770000,0.000000,"[-5.4434866361687835, 37.74478773338099, -5.425879254907388, 37.75577916931963]"
IIFF2025140078,2025,2025-07-22,CORDOBA,Córdoba,77.3,80.59,77.3,-4.831674661170084,37.90841888335224,True,ok,20,,20,bronze,year>=2023(+15);attrs_loc(+5);bbox_and_ok,data\open_if\rediam_andalucia\wfs_cache\2025\perim_incendios_2025.geojson,16,2.66800000000e+01,3.02700000000e+01,2.03500000000e+01,"[-4.840598931000343, 37.90285169391498, -4.8227944260003, 37.91349082391497]"
2023040090,2023,2023-08-23,ALMERÍA,Almería,76.66,77.22,76.66,-2.3491226691357925,36.88118674716181,True,repaired,20,,20,bronze,year>=2023(+15);attrs_loc(+5);bbox_and_ok,data\open_if\rediam_andalucia\wfs_cache\2023\perim_incendios_2023.geojson,18,23.160630,41.180532,12.319274,"[-2.36077299999992, 36.87653610090603, -2.3392834999999614, 36.88488720090609]"
IIFF2025210065,2025,2025-06-29,VILLABLANCA,Huelva,76.06,95.33,76.06,-7.339805475258201,37.281380142723634,True,ok,20,,20,bronze,year>=2023(+15);attrs_loc(+5);bbox_and_ok,data\open_if\rediam_andalucia\wfs_cache\2025\perim_incendios_2025.geojson,38,3.73000000000e+00,2.37400000000e+01,4.85900000000e+01,"[-7.348525349185537, 37.27416062690732, -7.332618617180904, 37.290430618907514]"
2023180085,2023,2023-08-30,ALMUÑECAR,Granada,75.99,82.21,75.99,-3.719143053487631,36.8002493079551,True,ok,20,,20,bronze,year>=2023(+15);attrs_loc(+5);bbox_and_ok,data\open_if\rediam_andalucia\wfs_cache\2023\perim_incendios_2023.geojson,20,7.996000,67.158000,0.837000,"[-3.725726281899871, 36.79208339697528, -3.7122186653560205, 36.807398261626105]"
IIFF2025210113,2025,2025-08-11,VILLANUEVA DE LOS CASTILLEJOS,Huelva,67.27,69.82,67.27,-7.085688826054389,37.518595454181394,True,ok,20,,20,bronze,year>=2023(+15);attrs_loc(+5);bbox_and_ok,data\open_if\rediam_andalucia\wfs_cache\2025\perim_incendios_2025.geojson,31,0.00000000000e+00,9.22000000000e+00,5.80500000000e+01,"[-7.092204445118996, 37.51276304191042, -7.079366677116502, 37.524517024910395]"
2024230037,2024,2024-07-24,HUELMA,Jaén,61.35,104.72,61.35,-3.349400167823727,37.602949017676586,True,ok,20,,20,bronze,year>=2023(+15);attrs_loc(+5);bbox_and_ok,data\open_if\rediam_andalucia\wfs_cache\2024\perim_incendios_2024.geojson,26,12.000000000000000,12.240000000000000,37.109999999999999,"[-3.3564246999999967, 37.596385199999986, -3.338232199999995, 37.609462599999986]"
IIFF2025230035,2025,2025-06-24,MONTIZON,Jaén,54.99,55.03,54.99,-3.1094770963248615,38.43325761069042,True,ok,20,,20,bronze,year>=2023(+15);attrs_loc(+5);bbox_and_ok,data\open_if\rediam_andalucia\wfs_cache\2025\perim_incendios_2025.geojson,0,0.00000000000e+00,1.93064000000e+01,3.56836000000e+01,"[-3.1179496119999532, 38.42912549191891, -3.1039410739999114, 38.437405744919026]"
2023110052,2023,2023-08-06,PUERTO REAL,Cádiz,54.48,80.9,54.48,-6.195490814493016,36.54051920327538,True,ok,20,,20,bronze,year>=2023(+15);attrs_loc(+5);bbox_and_ok,data\open_if\rediam_andalucia\wfs_cache\2023\perim_incendios_2023.geojson,3,29.557500,2.920400,22.004400,"[-6.208963300065386, 36.533983274163404, -6.18182022341592, 36.546270299976875]"
2023040108,2023,2023-09-20,CUEVAS DE ALMANZORA,Almería,54.01,54.04,54.01,-1.721273590509785,37.303573107954534,True,ok,20,,20,bronze,year>=2023(+15);attrs_loc(+5);bbox_and_ok,data\open_if\rediam_andalucia\wfs_cache\2023\perim_incendios_2023.geojson,15,0.000000,54.009000,0.000000,"[-1.727244431119534, 37.29995092327736, -1.7149759733606595, 37.3071995337341]"
2023410038,2023,2023-06-28,LA PUEBLA DEL RIO,Sevilla,53.82,79.14,53.82,-6.159485780188487,37.188371178942006,True,ok,20,,20,bronze,year>=2023(+15);attrs_loc(+5);bbox_and_ok,data\open_if\rediam_andalucia\wfs_cache\2023\perim_incendios_2023.geojson,32,0.000000,0.000000,53.820000,"[-6.175421695017118, 37.180899115407755, -6.139982024072801, 37.19463483258996]"
2023110039,2023,2023-07-18,JEREZ DE LA FRONTERA,Cádiz,52.6,60.48,52.6,-5.87700006880937,36.60484444995654,True,ok,20,,20,bronze,year>=2023(+15);attrs_loc(+5);bbox_and_ok,data\open_if\rediam_andalucia\wfs_cache\2023\perim_incendios_2023.geojson,4,0.000000,52.595200,0.008300,"[-5.885496139457551, 36.60143998029501, -5.868351459410132, 36.60870266530888]"
IIFF2025230045,2025,2025-07-01,ANDUJAR,Jaén,51.18,69.82,51.18,-4.018053687088665,38.24447074588631,True,ok,20,,20,bronze,year>=2023(+15);attrs_loc(+5);bbox_and_ok,data\open_if\rediam_andalucia\wfs_cache\2025\perim_incendios_2025.geojson,15,1.01590000000e+00,4.61979000000e+01,3.96760000000e+00,"[-4.0251207249999075, 38.2381164349175, -4.012464539999882, 38.24918706491769]"
IIFF2025110045,2025,2025-07-11,ALGECIRAS,Cádiz,51.15,62.02,51.15,-5.475952411836205,36.13133855607244,True,ok,20,,20,bronze,year>=2023(+15);attrs_loc(+5);bbox_and_ok,data\open_if\rediam_andalucia\wfs_cache\2025\perim_incendios_2025.geojson,21,7.56490000000e+00,2.11396000000e+01,2.24476000000e+01,"[-5.485136259003734, 36.12532933989884, -5.467403285003478, 36.13542873789898]"
IIFF2025210051,2025,2025-06-19,ALMONTE,Huelva,49.99,51.14,49.99,-6.475456928075349,37.22185376444373,True,ok,20,,20,bronze,year>=2023(+15);attrs_loc(+5);bbox_and_ok,data\open_if\rediam_andalucia\wfs_cache\2025\perim_incendios_2025.geojson,47,4.83600000000e+01,0.00000000000e+00,1.63000000000e+00,"[-6.480128300038442, 37.21710140090883, -6.471484400037838, 37.2269736009088]"
2024410034,2024,2024-07-20,LA PUEBLA DE LOS INFANTES,Sevilla,47.59,74.94,47.59,-5.435133181334927,37.787218513675086,True,ok,20,,20,bronze,year>=2023(+15);attrs_loc(+5);bbox_and_ok,data\open_if\rediam_andalucia\wfs_cache\2024\perim_incendios_2024.geojson,36,20.674700000000001,8.657299999999999,18.259100000000000,"[-5.440502461911143, 37.78050101223659, -5.427735046588742, 37.79442421434953]"
IIFF2025140067,2025,2025-07-15,CORDOBA,Córdoba,47.2,45.54,47.2,-4.906448173898192,37.81480188657558,True,ok,20,,20,bronze,year>=2023(+15);attrs_loc(+5);bbox_and_ok,data\open_if\rediam_andalucia\wfs_cache\2025\perim_incendios_2025.geojson,50,1.60000000000e+00,3.94000000000e+00,4.16600000000e+01,"[-4.917060411000521, 37.8125223179142, -4.896804165000392, 37.819585343914234]"
2024410021,2024,2024-07-02,CASTILBLANCO DE LOS ARROYOS,Sevilla,46.73,71.73,46.73,-5.963288852027303,37.67920651853885,True,ok,20,,20,bronze,year>=2023(+15);attrs_loc(+5);bbox_and_ok,data\open_if\rediam_andalucia\wfs_cache\2024\perim_incendios_2024.geojson,35,4.533200000000000,0.000000000000000,42.201799999999999,"[-5.97352396978577, 37.67277258807235, -5.957702982670574, 37.68366909620165]"
IIFF2025210117,2025,2025-08-12,ARROYOMOLINOS DE LEON,Huelva,45.98,45.92,45.98,-6.452184916104785,37.98085893909967,True,ok,20,,20,bronze,year>=2023(+15);attrs_loc(+5);bbox_and_ok,data\open_if\rediam_andalucia\wfs_cache\2025\perim_incendios_2025.geojson,24,5.94000000000e+00,1.01500000000e+01,2.98900000000e+01,"[-6.458055136035193, 37.97739710891523, -6.446292343034346, 37.983765132915295]"
2024290060,2024,2024-07-22,MARBELLA,Málaga,44.75,46.96,44.75,-4.941959919991748,36.52682895034323,True,ok,20,,20,bronze,year>=2023(+15);attrs_loc(+5);bbox_and_ok,data\open_if\rediam_andalucia\wfs_cache\2024\perim_incendios_2024.geojson,30,8.920000000000000,35.829999999999998,0.000000000000000,"[-4.9465680010429836, 36.521622573047125, -4.937653044090321, 36.53179605774636]"
2024110038,2024,2024-07-27,ALGECIRAS,Cádiz,42.4,42.91,42.4,-5.481948206262395,36.06839670507681,True,ok,20,,20,bronze,year>=2023(+15);attrs_loc(+5);bbox_and_ok,data\open_if\rediam_andalucia\wfs_cache\2024\perim_incendios_2024.geojson,4,5.110000000000000,25.640000000000001,11.650000000000000,"[-5.488841697071858, 36.065643348748, -5.475121635217787, 36.071126732997364]"
2024290081,2024,2024-08-14,VILLANUEVA DE LA CONCEPCION,Málaga,41.78,56.23,41.78,-4.472778626332545,36.962800256288226,True,ok,20,,20,bronze,year>=2023(+15);attrs_loc(+5);bbox_and_ok,data\open_if\rediam_andalucia\wfs_cache\2024\perim_incendios_2024.geojson,33,0.000000000000000,4.670000000000000,37.109999999999999,"[-4.481631145986736, 36.958136885040155, -4.461878447430877, 36.96709517784327]"
IIFF2025140028,2025,2025-06-21,VILLAVICIOSA DE CORDOBA,Córdoba,41.77,40.74,41.77,-4.908420851386793,38.08091200131995,True,ok,20,,20,bronze,year>=2023(+15);attrs_loc(+5);bbox_and_ok,data\open_if\rediam_andalucia\wfs_cache\2025\perim_incendios_2025.geojson,3,2.42900000000e+01,1.59400000000e+01,1.54000000000e+00,"[-4.913132718000411, 38.077904558916316, -4.9027379020004735, 38.08509529991636]"
2024210139,2024,2024-09-27,MOGUER,Huelva,40.83,45.77,40.83,-6.800604453307972,37.20651233191921,True,ok,20,,20,bronze,year>=2023(+15);attrs_loc(+5);bbox_and_ok,data\open_if\rediam_andalucia\wfs_cache\2024\perim_incendios_2024.geojson,23,19.980000000000000,17.010000000000002,3.840000000000000,"[-6.8065459384969875, 37.2015646484311, -6.7950616604159215, 37.211243159811346]"
2024180036,2024,2024-07-20,VIZNAR,Granada,40.4,80.38,40.4,-3.530792364842696,37.21900587698517,True,ok,20,,20,bronze,year>=2023(+15);attrs_loc(+5);bbox_and_ok,data\open_if\rediam_andalucia\wfs_cache\2024\perim_incendios_2024.geojson,13,0.738100000000000,38.536099999999998,1.123000000000000,"[-3.5413987806824703, 37.21483774189768, -3.522073473809557, 37.22252441798634]"
2023110013,2023,2023-04-05,TARIFA,Cádiz,40.0,45.41,40.0,-5.72595719343421,36.08501085793858,True,ok,20,,20,bronze,year>=2023(+15);attrs_loc(+5);bbox_and_ok,data\open_if\rediam_andalucia\wfs_cache\2023\perim_incendios_2023.geojson,0,28.298500,11.698700,0.000000,"[-5.732946653682782, 36.08146284756866, -5.716952868585582, 36.08953044090444]"
IIFF2025210160,2025,2025-09-11,HIGUERA DE LA SIERRA,Huelva,37.54,40.72,37.54,-6.438067703351129,37.81933181487839,True,ok,20,,20,bronze,year>=2023(+15);attrs_loc(+5);bbox_and_ok,data\open_if\rediam_andalucia\wfs_cache\2025\perim_incendios_2025.geojson,44,3.11500000000e+01,0.00000000000e+00,6.39000000000e+00,"[-6.441571025034402, 37.8141409049138, -6.433782929033852, 37.82506597591397]"
2024290100,2024,2024-09-28,ALCAUCIN,Málaga,37.34,40.27,37.34,-4.136435020086311,36.94365996927859,True,ok,20,,20,bronze,year>=2023(+15);attrs_loc(+5);bbox_and_ok,data\open_if\rediam_andalucia\wfs_cache\2024\perim_incendios_2024.geojson,34,0.000000000000000,31.690000000000001,5.650000000000000,"[-4.1403360566487555, 36.93910944825283, -4.132267534915133, 36.95034019044998]"
IIFF2025210019,2025,2025-05-27,MOGER,Huelva,37.02,36.94,37.02,-6.829834556031793,37.20558061206891,True,ok,20,,20,bronze,year>=2023(+15);attrs_loc(+5);bbox_and_ok,data\open_if\rediam_andalucia\wfs_cache\2025\perim_incendios_2025.geojson,33,2.25800000000e+01,1.04000000000e+00,1.34000000000e+01,"[-6.835949077076677, 37.20082291390805, -6.823304800074881, 37.209543985908155]"
IIFF2025210084,2025,2025-07-17,TRIGUEROS,Huelva,36.36,76.14,36.36,-6.772661163083709,37.34978766453839,True,ok,20,,20,bronze,year>=2023(+15);attrs_loc(+5);bbox_and_ok,data\open_if\rediam_andalucia\wfs_cache\2025\perim_incendios_2025.geojson,49,1.33400000000e+01,4.30000000000e+00,1.87200000000e+01,"[-6.783014516069004, 37.34640625090952, -6.756575257065645, 37.35366377390956]"
2023290107,2023,2023-09-02,BENAHAVIS,Málaga,36.03,38.08,36.03,-5.039122454543862,36.502037243773195,True,ok,20,,20,bronze,year>=2023(+15);attrs_loc(+5);bbox_and_ok,data\open_if\rediam_andalucia\wfs_cache\2023\perim_incendios_2023.geojson,28,0.000000,35.924790,0.108546,"[-5.044333934949216, 36.49843844670168, -5.032017231210341, 36.50765167891047]"
2023210097,2023,2023-08-10,CALAÑAS,Huelva,34.63,34.55,34.63,-6.926036426451922,37.6401789570765,True,ok,20,,20,bronze,year>=2023(+15);attrs_loc(+5);bbox_and_ok,data\open_if\rediam_andalucia\wfs_cache\2023\perim_incendios_2023.geojson,7,0.703370,24.807400,9.116905,"[-6.9320152091561855, 37.637507638917604, -6.919499596877168, 37.64274090826709]"
IIFF2025210132,2025,2025-08-20,ARACENA,Huelva,33.64,34.24,33.64,-6.53487221956793,37.87027442837211,True,ok,20,,20,bronze,year>=2023(+15);attrs_loc(+5);bbox_and_ok,data\open_if\rediam_andalucia\wfs_cache\2025\perim_incendios_2025.geojson,25,0.00000000000e+00,1.19800000000e+01,2.16600000000e+01,"[-6.54049722004183, 37.86740557391424, -6.528809974040917, 37.87333832391435]"
IIFF2025210166,2025,2025-09-13,BONARES,Huelva,33.44,57.81,33.44,-6.647680674043115,37.3071558489892,True,ok,20,,20,bronze,year>=2023(+15);attrs_loc(+5);bbox_and_ok,data\open_if\rediam_andalucia\wfs_cache\2025\perim_incendios_2025.geojson,45,1.50300000000e+01,1.33700000000e+01,5.04000000000e+00,"[-6.658327711054559, 37.30057649890932, -6.635956696052242, 37.314757955909435]"
2024210075,2024,2024-07-24,CARTAYA,Huelva,33.19,33.28,33.19,-7.077931463916818,37.30270489335312,True,ok,20,,20,bronze,year>=2023(+15);attrs_loc(+5);bbox_and_ok,data\open_if\rediam_andalucia\wfs_cache\2024\perim_incendios_2024.geojson,18,7.440000000000000,23.260000000000002,2.490000000000000,"[-7.083508400118676, 37.300292200908466, -7.071822700116378, 37.305283300908556]"
2023040039,2023,2023-03-23,SORBAS,Almería,32.54,36.74,32.54,-2.0883268041189518,37.09646701980718,True,ok,20,,20,bronze,year>=2023(+15);attrs_loc(+5);bbox_and_ok,data\open_if\rediam_andalucia\wfs_cache\2023\perim_incendios_2023.geojson,14,0.000000,13.535154,19.009582,"[-2.0941732999998877, 37.09240330090802, -2.083613299999871, 37.101078300908085]"
2023410018,2023,2023-04-03,AZNALCAZAR,Sevilla,31.46,33.09,31.46,-6.2356855173153125,37.091855659318,True,ok,20,,20,bronze,year>=2023(+15);attrs_loc(+5);bbox_and_ok,data\open_if\rediam_andalucia\wfs_cache\2023\perim_incendios_2023.geojson,31,0.000000,5.370000,26.090000,"[-6.247004504457206, 37.085369521605344, -6.225937859600706, 37.095758785935715]"
2023410069,2023,2023-08-16,AZNALCAZAR,Sevilla,31.14,31.11,31.14,-6.238492110671684,37.124263007936136,True,repaired,20,,20,bronze,year>=2023(+15);attrs_loc(+5);bbox_and_ok,data\open_if\rediam_andalucia\wfs_cache\2023\perim_incendios_2023.geojson,11,0.000000,9.340000,21.800000,"[-6.314144107403057, 37.105603278922, -6.204003331201406, 37.15413484675451]"
2024210110,2024,2024-08-26,BONARES,Huelva,30.38,33.71,30.38,-6.7011496888407125,37.27004690655979,True,ok,20,,20,bronze,year>=2023(+15);attrs_loc(+5);bbox_and_ok,data\open_if\rediam_andalucia\wfs_cache\2024\perim_incendios_2024.geojson,20,14.330000000000000,15.060000000000000,0.990000000000000,"[-6.706802610495522, 37.26517635311331, -6.697092552057707, 37.27398099070117]"
IIFF2025210125,2025,2025-08-17,AROCHE,Huelva,29.89,29.82,29.89,-6.938925390081526,38.031096431519515,True,ok,20,,20,bronze,year>=2023(+15);attrs_loc(+5);bbox_and_ok,data\open_if\rediam_andalucia\wfs_cache\2025\perim_incendios_2025.geojson,42,2.56400000000e+01,5.00000000000e-02,4.20000000000e+00,"[-6.945550314089114, 38.02844653091513, -6.932019952086974, 38.03408140691513]"
2023410082,2023,2023-09-28,AZNALCAZAR,Sevilla,29.74,31.39,29.74,-6.277351345606994,37.07374991938118,True,ok,20,,20,bronze,year>=2023(+15);attrs_loc(+5);bbox_and_ok,data\open_if\rediam_andalucia\wfs_cache\2023\perim_incendios_2023.geojson,35,0.000000,14.126400,15.614400,"[-6.284038874531852, 37.071289757724905, -6.271700886601995, 37.077244469890154]"
IIFF2025210126,2025,2025-08-17,BONARES,Huelva,29.63,83.24,29.63,-6.655139134636673,37.33285977206521,True,ok,20,,20,bronze,year>=2023(+15);attrs_loc(+5);bbox_and_ok,data\open_if\rediam_andalucia\wfs_cache\2025\perim_incendios_2025.geojson,17,1.61900000000e+01,1.25900000000e+01,8.50000000000e-01,"[-6.671006217055801, 37.327958806909564, -6.64002900305257, 37.34158073290966]"
2023290078,2023,2023-07-30,ANTEQUERA,Málaga,28.75,31.15,28.75,-4.451760086294386,36.96708576279481,True,ok,20,,20,bronze,year>=2023(+15);attrs_loc(+5);bbox_and_ok,data\open_if\rediam_andalucia\wfs_cache\2023\perim_incendios_2023.geojson,26,0.000000,27.265500,1.485200,"[-4.45687400654652, 36.96367329317306, -4.444884852691251, 36.97027066491553]"
IIFF2025210150,2025,2025-09-04,CARTAYA,Huelva,28.7,37.18,28.7,-7.141789569731967,37.354475499915075,True,ok,20,,20,bronze,year>=2023(+15);attrs_loc(+5);bbox_and_ok,data\open_if\rediam_andalucia\wfs_cache\2025\perim_incendios_2025.geojson,32,2.82700000000e+01,3.00000000000e-01,1.30000000000e-01,"[-7.145661515131729, 37.349879815908835, -7.137447496129972, 37.36037994690893]"
2024210063,2024,2024-07-16,PUEBLA DE GUZMAN,Huelva,28.01,28.36,28.01,-7.161872010528077,37.66043277913179,True,ok,20,,20,bronze,year>=2023(+15);attrs_loc(+5);bbox_and_ok,data\open_if\rediam_andalucia\wfs_cache\2024\perim_incendios_2024.geojson,17,0.000000000000000,0.000000000000000,28.010000000000002,"[-7.166778779613061, 37.65746651123421, -7.1569783605272415, 37.66362118572254]"
IIFF2025140066,2025,2025-07-15,PEDROCHE,Córdoba,27.52,27.52,27.52,-4.79086518721389,38.46358383486836,True,ok,20,,20,bronze,year>=2023(+15);attrs_loc(+5);bbox_and_ok,data\open_if\rediam_andalucia\wfs_cache\2025\perim_incendios_2025.geojson,6,0.00000000000e+00,0.00000000000e+00,2.75200000000e+01,"[-4.79582811900024, 38.45950850391913, -4.786367377000298, 38.46638133191924]"
IIFF2025210144,2025,2025-09-01,GIBRALEON,Huelva,27.38,28.56,27.38,-7.066063382819648,37.30272999952437,True,ok,20,,20,bronze,year>=2023(+15);attrs_loc(+5);bbox_and_ok,data\open_if\rediam_andalucia\wfs_cache\2025\perim_incendios_2025.geojson,30,7.60000000000e+00,1.65700000000e+01,3.21000000000e+00,"[-7.071485000116302, 37.29887400090849, -7.0598289001140175, 37.30748500090857]"
IIFF2025230062,2025,2025-07-24,ANDUJAR,Jaén,25.77,25.99,25.77,-3.963771082245105,38.259759770934714,True,ok,20,,20,bronze,year>=2023(+15);attrs_loc(+5);bbox_and_ok,data\open_if\rediam_andalucia\wfs_cache\2025\perim_incendios_2025.geojson,28,0.00000000000e+00,2.32500000000e+01,2.52000000000e+00,"[-3.968779687999923, 38.25557548091768, -3.959440964999881, 38.262551202917734]"
IIFF2025140055,2025,2025-07-06,CARDEÑA,Córdoba,25.14,25.14,25.14,-4.38202420057536,38.181839993053025,True,ok,20,,20,bronze,year>=2023(+15);attrs_loc(+5);bbox_and_ok,data\open_if\rediam_andalucia\wfs_cache\2025\perim_incendios_2025.geojson,10,0.00000000000e+00,1.85000000000e+00,2.32900000000e+01,"[-4.386521105999967, 38.17834574491716, -4.377051374000008, 38.185509878917216]"
2023410045,2023,2023-07-10,LA PUEBLA DEL RIO,Sevilla,23.99,23.93,23.99,-6.139961990238101,37.20418248342132,True,ok,20,,20,bronze,year>=2023(+15);attrs_loc(+5);bbox_and_ok,data\open_if\rediam_andalucia\wfs_cache\2023\perim_incendios_2023.geojson,10,0.000000,0.000000,23.990000,"[-6.150519847871963, 37.20090688165247, -6.1267286539098516, 37.21207533250643]"
2023410043,2023,2023-07-09,LA PUEBLA DEL RIO,Sevilla,22.64,21.82,22.64,-6.147853022131724,37.194738436983215,True,ok,20,,20,bronze,year>=2023(+15);attrs_loc(+5);bbox_and_ok,data\open_if\rediam_andalucia\wfs_cache\2023\perim_incendios_2023.geojson,33,0.000000,0.000000,22.640000,"[-6.15180730819702, 37.189964039149686, -6.140691409367222, 37.201171799010524]"
IIFF2025210016,2025,2025-05-26,MOGUER,Huelva,22.29,23.2,22.29,-6.832750659004751,37.168268642492535,True,ok,20,,20,bronze,year>=2023(+15);attrs_loc(+5);bbox_and_ok,data\open_if\rediam_andalucia\wfs_cache\2025\perim_incendios_2025.geojson,39,1.87900000000e+01,3.44000000000e+00,6.00000000000e-02,"[-6.836994000077021, 37.16436900090784, -6.828904000075835, 37.17153400090783]"
2024140038,2024,2024-07-17,HINOJOSA DEL DUQUE,Córdoba,21.86,23.66,21.86,-5.072019896717124,38.414419689286554,True,ok,20,,20,bronze,year>=2023(+15);attrs_loc(+5);bbox_and_ok,data\open_if\rediam_andalucia\wfs_cache\2024\perim_incendios_2024.geojson,9,0.000000000000000,0.000000000000000,21.859999999999999,"[-5.074921683128514, 38.41037422499881, -5.068588990449883, 38.41718877758938]"
2024140038,2024,2024-07-17,HINOJOSA DEL DUQUE,Córdoba,21.86,23.66,21.86,-5.072019896717124,38.414419689286554,True,ok,20,,20,bronze,year>=2023(+15);attrs_loc(+5);bbox_and_ok,data\open_if\rediam_andalucia\wfs_cache\2024\perim_incendios_2024.geojson,10,0.000000000000000,0.000000000000000,21.859999999999999,"[-5.074921683128514, 38.41037422499881, -5.068588990449883, 38.41718877758938]"
2023040071,2023,2023-06-18,VICAR,Almería,21.79,21.83,21.79,-2.708464425229764,36.837436450912506,True,ok,20,,20,bronze,year>=2023(+15);attrs_loc(+5);bbox_and_ok,data\open_if\rediam_andalucia\wfs_cache\2023\perim_incendios_2023.geojson,5,7.320000,14.470000,0.000000,"[-2.7116326623706524, 36.83402812337193, -2.7049573021209734, 36.84167251033485]"
IIFF2025210120,2025,2025-08-12,JABUGO,Huelva,21.24,21.31,21.24,-6.749135482809226,37.89668272340189,True,ok,20,,20,bronze,year>=2023(+15);attrs_loc(+5);bbox_and_ok,data\open_if\rediam_andalucia\wfs_cache\2025\perim_incendios_2025.geojson,27,3.03000000000e+00,0.00000000000e+00,1.82100000000e+01,"[-6.753401314063194, 37.8944991629143, -6.744276442062087, 37.89876814391434]"
2024210124,2024,2024-09-09,EL CERRO DE ANDEVALO,Huelva,20.89,20.93,20.89,-6.976141091970065,37.74856596659767,True,ok,20,,20,bronze,year>=2023(+15);attrs_loc(+5);bbox_and_ok,data\open_if\rediam_andalucia\wfs_cache\2024\perim_incendios_2024.geojson,22,20.430000000000000,0.000000000000000,0.460000000000000,"[-6.979068442424513, 37.74628267928585, -6.972904612173484, 37.751364202545716]"
IIFF2025210128,2025,2025-08-18,HINOJOS,Huelva,20.78,29.64,20.78,-6.456959449469233,37.17210487054665,True,ok,20,,20,bronze,year>=2023(+15);attrs_loc(+5);bbox_and_ok,data\open_if\rediam_andalucia\wfs_cache\2025\perim_incendios_2025.geojson,29,4.00000000000e+00,0.00000000000e+00,1.67800000000e+01,"[-6.461823942037164, 37.16842378990828, -6.453157938036493, 37.17624949390831]"
IIFF2025230063,2025,2025-07-25,UBEDA,Jaén,20.63,21.13,20.63,-3.291842046416546,37.94254736494415,True,ok,20,,20,bronze,year>=2023(+15);attrs_loc(+5);bbox_and_ok,data\open_if\rediam_andalucia\wfs_cache\2025\perim_incendios_2025.geojson,1,0.00000000000e+00,6.00000000000e-02,2.05700000000e+01,"[-3.2946645999999102, 37.93846930091522, -3.2896005999999627, 37.94546660091531]"
2023140053,2023,2023-08-14,ALMODOVAR DEL RÍO,Córdoba,20.23,22.59,20.23,-4.963968307143828,37.810200673251636,True,ok,20,,20,bronze,year>=2023(+15);attrs_loc(+5);bbox_and_ok,data\open_if\rediam_andalucia\wfs_cache\2023\perim_incendios_2023.geojson,16,13.600000,6.630000,0.000000,"[-4.97412477479074, 37.80849439150486, -4.9569393373956645, 37.81245058878192]"
IIFF2025210100,2025,2025-07-31,EL CERRO DEL ANDEVALO,Huelva,19.59,19.54,19.59,-7.108773181370572,37.68314884899447,True,ok,20,,20,bronze,year>=2023(+15);attrs_loc(+5);bbox_and_ok,data\open_if\rediam_andalucia\wfs_cache\2025\perim_incendios_2025.geojson,41,0.00000000000e+00,9.49000000000e+00,1.01000000000e+01,"[-7.1111204261218575, 37.680306041911685, -7.1063962221208605, 37.68605031091179]"
2024040011,2024,2024-02-07,TURRE,Almería,18.55,20.08,18.55,-1.908203338938819,37.096663524622564,True,repaired,20,,20,bronze,year>=2023(+15);attrs_loc(+5);bbox_and_ok,data\open_if\rediam_andalucia\wfs_cache\2024\perim_incendios_2024.geojson,0,0.000000000000000,18.059999999999999,0.490000000000000,"[-1.9116590346614974, 37.093782026052324, -1.9047152981418807, 37.09976274589796]"
2023410060,2023,2023-08-02,AZNALCAZAR,Sevilla,18.45,18.42,18.45,-6.222857563468336,37.205031448186475,True,ok,20,,20,bronze,year>=2023(+15);attrs_loc(+5);bbox_and_ok,data\open_if\rediam_andalucia\wfs_cache\2023\perim_incendios_2023.geojson,34,0.000000,2.000000,16.450000,"[-6.226431850660816, 37.20137577988467, -6.2186211862629515, 37.20859256318809]"
2023410025,2023,2023-05-02,EL PEDROSO,Sevilla,17.74,18.12,17.74,-5.85910269467583,37.83859459798989,True,ok,20,,20,bronze,year>=2023(+15);attrs_loc(+5);bbox_and_ok,data\open_if\rediam_andalucia\wfs_cache\2023\perim_incendios_2023.geojson,13,1.088000,6.072200,10.574900,"[-5.862392740997828, 37.83661388279148, -5.855577232331515, 37.84108254095482]"
2023140022,2023,2023-05-06,TORRECAMPO,Córdoba,17.57,17.58,17.57,-4.54691319912231,38.41815716733113,True,ok,20,,20,bronze,year>=2023(+15);attrs_loc(+5);bbox_and_ok,data\open_if\rediam_andalucia\wfs_cache\2023\perim_incendios_2023.geojson,17,0.000000,0.000000,17.570000,"[-4.5502332319761685, 38.4156216891135, -4.542589725242339, 38.42110555563588]"
IIFF2025230057,2025,2025-07-16,BAÑOS DE LA ENCINA,Jaén,17.17,17.19,17.17,-3.8538884126700736,38.34039675839217,True,ok,20,,20,bronze,year>=2023(+15);attrs_loc(+5);bbox_and_ok,data\open_if\rediam_andalucia\wfs_cache\2025\perim_incendios_2025.geojson,22,1.21000000000e+01,4.64000000000e+00,4.30000000000e-01,"[-3.8579797999998893, 38.33735989991823, -3.851157899999969, 38.34268959991834]"
2023410026,2023,2023-05-05,CANTILLANA,Sevilla,17.14,17.13,17.14,-5.829073401502436,37.64664772887989,True,ok,20,,20,bronze,year>=2023(+15);attrs_loc(+5);bbox_and_ok,data\open_if\rediam_andalucia\wfs_cache\2023\perim_incendios_2023.geojson,9,0.000000,10.286800,6.857800,"[-5.83265443617444, 37.643975068024126, -5.8263492925213445, 37.651649832166505]"
2023040001,2023,2023-01-16,LUBRIN,Almería,16.81,19.95,16.81,-2.067266282855347,37.17925100860238,True,ok,20,,20,bronze,year>=2023(+15);attrs_loc(+5);bbox_and_ok,data\open_if\rediam_andalucia\wfs_cache\2023\perim_incendios_2023.geojson,37,3.571790,13.241216,0.000000,"[-2.0707088999999113, 37.17409520090877, -2.0648108999998835, 37.185337700908846]"
IIFF2025230014,2025,2025-05-22,JODAR,Jaén,16.38,16.56,16.38,-3.4047554466117833,37.89647628759002,True,ok,20,,20,bronze,year>=2023(+15);attrs_loc(+5);bbox_and_ok,data\open_if\rediam_andalucia\wfs_cache\2025\perim_incendios_2025.geojson,13,0.00000000000e+00,1.63000000000e+01,8.00000000000e-02,"[-3.4072137389999204, 37.89395365491488, -3.4012417279998797, 37.8988321429148]"
2023410061,2023,2023-08-06,LA PUEBLA DEL RIO,Sevilla,16.2,16.14,16.2,-6.184254849409908,37.191551680537394,True,ok,20,,20,bronze,year>=2023(+15);attrs_loc(+5);bbox_and_ok,data\open_if\rediam_andalucia\wfs_cache\2023\perim_incendios_2023.geojson,23,0.000000,9.200000,7.000000,"[-6.192268876846825, 37.18942954461585, -6.177089589990615, 37.1935920467708]"
IIFF2025210169,2025,2025-09-14,BONARES,Huelva,14.76,20.89,14.76,-6.648385045153954,37.31259559721,True,ok,20,,20,bronze,year>=2023(+15);attrs_loc(+5);bbox_and_ok,data\open_if\rediam_andalucia\wfs_cache\2025\perim_incendios_2025.geojson,18,1.47600000000e+01,0.00000000000e+00,0.00000000000e+00,"[-6.652712592053887, 37.30853963390929, -6.643986599052993, 37.31495202090942]"
IIFF2025140046,2025,2025-07-03,CABRA,Córdoba,14.42,14.42,14.42,-4.4334433019041875,37.48288451619719,True,ok,20,,20,bronze,year>=2023(+15);attrs_loc(+5);bbox_and_ok,data\open_if\rediam_andalucia\wfs_cache\2025\perim_incendios_2025.geojson,52,0.00000000000e+00,1.44200000000e+01,0.00000000000e+00,"[-4.435648182999965, 37.47969235091137, -4.430959268000047, 37.48694634491141]"
2024290062,2024,2024-07-23,CASARES,Málaga,14.08,14.38,14.08,-5.268802162278934,36.461927099123734,True,ok,20,,20,bronze,year>=2023(+15);attrs_loc(+5);bbox_and_ok,data\open_if\rediam_andalucia\wfs_cache\2024\perim_incendios_2024.geojson,31,2.800000000000000,11.279999999999999,0.000000000000000,"[-5.271490911614514, 36.45911511880248, -5.266671355011168, 36.464436077510236]"
IIFF2025140012,2025,2025-06-03,BELALCAZAR,Córdoba,14.08,27.17,14.08,-5.012204033227793,38.50444082443872,True,ok,20,,20,bronze,year>=2023(+15);attrs_loc(+5);bbox_and_ok,data\open_if\rediam_andalucia\wfs_cache\2025\perim_incendios_2025.geojson,35,0.00000000000e+00,7.52000000000e+00,6.56000000000e+00,"[-5.0165532460006474, 38.501599781919566, -5.008659104000629, 38.507758411919596]"
2023180068,2023,2023-07-28,PINOS GENIL,Granada,14.05,29.02,14.05,-3.513069972803452,37.1578696490487,True,ok,20,,20,bronze,year>=2023(+15);attrs_loc(+5);bbox_and_ok,data\open_if\rediam_andalucia\wfs_cache\2023\perim_incendios_2023.geojson,39,0.000000,14.047100,0.000000,"[-3.5192303678631345, 37.152349582624446, -3.5080411209450175, 37.161868054820445]"
IIFF2025230036,2025,2025-06-24,TORREDELCAMPO,Jaén,13.42,14.46,13.42,-3.9405213114283018,37.86554617440937,True,ok,20,,20,bronze,year>=2023(+15);attrs_loc(+5);bbox_and_ok,data\open_if\rediam_andalucia\wfs_cache\2025\perim_incendios_2025.geojson,43,0.00000000000e+00,0.00000000000e+00,1.34164000000e+01,"[-3.9436013389998785, 37.863632147914494, -3.935383238999915, 37.86787511391456]"
2023180006,2023,2023-02-06,FREILA,Granada,13.35,14.15,13.35,-3.003308875157182,37.560643995319694,True,ok,20,,20,bronze,year>=2023(+15);attrs_loc(+5);bbox_and_ok,data\open_if\rediam_andalucia\wfs_cache\2023\perim_incendios_2023.geojson,22,0.000000,13.351500,0.000000,"[-3.0075382792105705, 37.554632685907755, -2.998020701573135, 37.56330631894406]"
2024140024,2024,2024-07-04,FUENTE OBEJUNA,Córdoba,13.2,13.41,13.2,-5.474714318112688,38.292250115815534,True,ok,20,,20,bronze,year>=2023(+15);attrs_loc(+5);bbox_and_ok,data\open_if\rediam_andalucia\wfs_cache\2024\perim_incendios_2024.geojson,6,0.000000000000000,0.000000000000000,13.202600000000000,"[-5.476775100651839, 38.28992191068872, -5.472622002577256, 38.29440627186805]"
2024210062,2024,2024-07-16,TRIGUEROS,Huelva,12.91,16.09,12.91,-6.812133009340647,37.31280786209718,True,ok,20,,20,bronze,year>=2023(+15);attrs_loc(+5);bbox_and_ok,data\open_if\rediam_andalucia\wfs_cache\2024\perim_incendios_2024.geojson,16,0.000000000000000,5.040000000000000,7.870000000000000,"[-6.816411611004075, 37.311103346235925, -6.808418983956923, 37.31601225341132]"
IIFF2025210067,2025,2025-06-30,CALAÑAS,Huelva,12.91,12.99,12.91,-6.963969372967121,37.54542133036465,True,ok,20,,20,bronze,year>=2023(+15);attrs_loc(+5);bbox_and_ok,data\open_if\rediam_andalucia\wfs_cache\2025\perim_incendios_2025.geojson,20,4.87000000000e+00,3.52000000000e+00,4.52000000000e+00,"[-6.967152315095467, 37.542660470910796, -6.96137155109449, 37.5476711279109]"
IIFF2025140069,2025,2025-07-17,PEÑARROYA-PUEBLONUEVO,Córdoba,12.81,22.13,12.81,-5.276065780732613,38.32891087036014,True,ok,20,,20,bronze,year>=2023(+15);attrs_loc(+5);bbox_and_ok,data\open_if\rediam_andalucia\wfs_cache\2025\perim_incendios_2025.geojson,23,0.00000000000e+00,1.28100000000e+01,0.00000000000e+00,"[-5.281004575001722, 38.32558185591811, -5.2719402000017475, 38.33213062491833]"
2024230034,2024,2024-07-15,LINARES,Jaén,12.76,15.72,12.76,-3.598399881464814,38.1221446692271,True,ok,20,,20,bronze,year>=2023(+15);attrs_loc(+5);bbox_and_ok,data\open_if\rediam_andalucia\wfs_cache\2024\perim_incendios_2024.geojson,25,8.480000000000000,0.000000000000000,4.280000000000000,"[-3.6020564999999305, 38.1190358000001, -3.5935002999999512, 38.12519300000008]"
IIFF2025210108,2025,2025-08-05,ROCIANA DEL CONDADO,Huelva,12.62,19.8,12.62,-6.596913857140387,37.280304451484184,True,ok,20,,20,bronze,year>=2023(+15);attrs_loc(+5);bbox_and_ok,data\open_if\rediam_andalucia\wfs_cache\2025\perim_incendios_2025.geojson,26,1.26200000000e+01,0.00000000000e+00,0.00000000000e+00,"[-6.600647967048761, 37.27704117290905, -6.592735400048104, 37.28340652390922]"
2023210060,2023,2023-07-14,CARTAYA,Huelva,12.28,12.24,12.28,-7.100564105222576,37.24175714546728,True,ok,20,,20,bronze,year>=2023(+15);attrs_loc(+5);bbox_and_ok,data\open_if\rediam_andalucia\wfs_cache\2023\perim_incendios_2023.geojson,6,10.865978,0.068400,1.341170,"[-7.104232683350648, 37.23918632676182, -7.0968670517305315, 37.24451023382134]"
IIFF2025230104,2025,2025-09-19,ANDUJAR,Jaén,11.7,11.8,11.7,-3.9565601298665043,38.123630744696555,True,ok,20,,20,bronze,year>=2023(+15);attrs_loc(+5);bbox_and_ok,data\open_if\rediam_andalucia\wfs_cache\2025\perim_incendios_2025.geojson,4,0.00000000000e+00,3.00000000000e-01,1.14000000000e+01,"[-3.959744999999881, 38.121998299916655, -3.9531282999998854, 38.1254916999167]"
2024140005,2024,2024-06-06,CORDOBA,Córdoba,11.57,12.18,11.57,-4.820599691749684,37.87354874629506,True,ok,20,,20,bronze,year>=2023(+15);attrs_loc(+5);bbox_and_ok,data\open_if\rediam_andalucia\wfs_cache\2024\perim_incendios_2024.geojson,5,11.574199999999999,0.000000000000000,0.000000000000000,"[-4.823724582475598, 37.87108502406164, -4.818262437794092, 37.87562102470963]"
2024210041,2024,2024-06-24,MOGUER,Huelva,11.53,13.2,11.53,-6.752316810121176,37.216575802765384,True,ok,20,,20,bronze,year>=2023(+15);attrs_loc(+5);bbox_and_ok,data\open_if\rediam_andalucia\wfs_cache\2024\perim_incendios_2024.geojson,15,3.620000000000000,5.720000000000000,2.190000000000000,"[-6.754861699999985, 37.21357830090901, -6.749478299999999, 37.21945830090906]"
2024210113,2024,2024-08-28,CALAÑAS,Huelva,11.44,11.42,11.44,-6.877416607770429,37.60412006630943,True,repaired,20,,20,bronze,year>=2023(+15);attrs_loc(+5);bbox_and_ok,data\open_if\rediam_andalucia\wfs_cache\2024\perim_incendios_2024.geojson,21,5.970000000000000,2.750000000000000,2.720000000000000,"[-6.879950445081234, 37.602054371912175, -6.874492292908188, 37.606436368911645]"
2024290001,2024,2024-01-01,MIJAS,Málaga,11.43,11.47,11.43,-4.667636807431157,36.561944377529564,True,ok,20,,20,bronze,year>=2023(+15);attrs_loc(+5);bbox_and_ok,data\open_if\rediam_andalucia\wfs_cache\2024\perim_incendios_2024.geojson,28,0.000000000000000,11.430000000000000,0.000000000000000,"[-4.67069546554359, 36.56034979048209, -4.663385979005226, 36.56461360955649]"
2024290075,2024,2024-08-06,CAMPILLOS,Málaga,11.42,12.78,11.42,-4.873347875405849,37.015524359715144,True,ok,20,,20,bronze,year>=2023(+15);attrs_loc(+5);bbox_and_ok,data\open_if\rediam_andalucia\wfs_cache\2024\perim_incendios_2024.geojson,32,0.950000000000000,1.780000000000000,8.690000000000000,"[-4.879051440024372, 37.01243387255584, -4.867447236996907, 37.01751017726437]"
2023110071,2023,2023-09-07,PUERTO SERRANO,Cádiz,11.32,11.53,11.32,-5.422973620946936,37.01051911715509,True,ok,20,,20,bronze,year>=2023(+15);attrs_loc(+5);bbox_and_ok,data\open_if\rediam_andalucia\wfs_cache\2023\perim_incendios_2023.geojson,8,4.473500,1.182400,5.661700,"[-5.427237091653123, 37.009137500077166, -5.419463952703901, 37.011939885170904]"
2023110021,2023,2023-05-28,LA LÍNEA DE LA CONCEPCION,Cádiz,11.29,11.35,11.29,-5.357534229706328,36.181059982350796,True,ok,20,,20,bronze,year>=2023(+15);attrs_loc(+5);bbox_and_ok,data\open_if\rediam_andalucia\wfs_cache\2023\perim_incendios_2023.geojson,1,1.240000,7.487100,2.565100,"[-5.359523500001012, 36.1782665, -5.355713700001008, 36.18383350000005]"
IIFF2025210008,2025,2025-05-17,MOGUER,Huelva,11.01,10.99,11.01,-6.862957902461317,37.22602577427348,True,ok,20,,20,bronze,year>=2023(+15);attrs_loc(+5);bbox_and_ok,data\open_if\rediam_andalucia\wfs_cache\2025\perim_incendios_2025.geojson,9,1.09000000000e+01,0.00000000000e+00,1.10000000000e-01,"[-6.865643009080906, 37.22415189790824, -6.8601208160800455, 37.22736779590829]"
IIFF2025230060,2025,2025-07-20,LINARES,Jaén,10.86,10.87,10.86,-3.566061086044423,38.142127499776635,True,ok,20,,20,bronze,year>=2023(+15);attrs_loc(+5);bbox_and_ok,data\open_if\rediam_andalucia\wfs_cache\2025\perim_incendios_2025.geojson,19,0.00000000000e+00,8.60000000000e-01,1.00000000000e+01,"[-3.5691610999999086, 38.14003809491681, -3.5636382049998963, 38.145583599916755]"
2023180007,2023,2023-02-11,CACIN,Granada,10.77,10.78,10.77,-3.931956772415959,37.08704412376865,True,ok,20,,20,bronze,year>=2023(+15);attrs_loc(+5);bbox_and_ok,data\open_if\rediam_andalucia\wfs_cache\2023\perim_incendios_2023.geojson,21,0.378000,6.588000,3.804000,"[-3.9343597180569794, 37.08506392858147, -3.9287586231896774, 37.08973326551904]"
IIFF2025110051,2025,2025-07-16,ALGECIRAS,Cádiz,10.74,10.75,10.74,-5.468190343224753,36.07066743622227,True,ok,20,,20,bronze,year>=2023(+15);attrs_loc(+5);bbox_and_ok,data\open_if\rediam_andalucia\wfs_cache\2025\perim_incendios_2025.geojson,51,4.32000000000e-02,6.00900000000e-01,1.00980000000e+01,"[-5.471262817003565, 36.068350935898245, -5.465560665003537, 36.07335981589835]"
2023290079,2023,2023-07-30,RIOGORDO,Málaga,10.67,13.17,10.67,-4.301252511453367,36.94613146978565,True,ok,20,,20,bronze,year>=2023(+15);attrs_loc(+5);bbox_and_ok,data\open_if\rediam_andalucia\wfs_cache\2023\perim_incendios_2023.geojson,27,2.437120,8.235743,0.000000,"[-4.30439614859153, 36.94371812360944, -4.2979547287923605, 36.949208958329194]"
2024230016,2024,2024-06-04,TORREDELCAMPO,Jaén,10.49,10.56,10.49,-3.9414437740446364,37.86625979926294,True,ok,20,,20,bronze,year>=2023(+15);attrs_loc(+5);bbox_and_ok,data\open_if\rediam_andalucia\wfs_cache\2024\perim_incendios_2024.geojson,24,0.000000000000000,0.020000000000000,10.470000000000001,"[-3.9436660729999056, 37.8643484190001, -3.9387194949999076, 37.868440363000076]"
IIFF2025140002,2025,2025-05-01,FUENTE OBEJUNA,Córdoba,10.32,10.31,10.32,-5.341946972502516,38.24056029623507,True,ok,20,,20,bronze,year>=2023(+15);attrs_loc(+5);bbox_and_ok,data\open_if\rediam_andalucia\wfs_cache\2025\perim_incendios_2025.geojson,11,0.00000000000e+00,0.00000000000e+00,1.03200000000e+01,"[-5.344690429002213, 38.23862638591752, -5.339613967002089, 38.24224736491755]"
IIFF2025210107,2025,2025-08-04,ALJARAQUE,Huelva,10.21,10.24,10.21,-7.0609467218956175,37.280410204282425,True,ok,20,,20,bronze,year>=2023(+15);attrs_loc(+5);bbox_and_ok,data\open_if\rediam_andalucia\wfs_cache\2025\perim_incendios_2025.geojson,36,1.01800000000e+01,0.00000000000e+00,3.00000000000e-02,"[-7.062727428114661, 37.2782774079083, -7.059498999114072, 37.2828669759083]"
2024290040,2024,2024-07-05,RONDA,Málaga,10.1,12.78,10.1,-5.083086909824487,36.844066531378665,True,ok,20,,20,bronze,year>=2023(+15);attrs_loc(+5);bbox_and_ok,data\open_if\rediam_andalucia\wfs_cache\2024\perim_incendios_2024.geojson,29,0.490000000000000,2.510000000000000,7.100000000000000,"[-5.087055416119347, 36.84184993265516, -5.078860850346371, 36.847074149190874]"
2023210016,2023,2023-04-26,PUNTA UMBRÍA,Huelva,10.0,10.45,10.0,-7.0462786523218455,37.21868580216267,True,ok,20,,20,bronze,year>=2023(+15);attrs_loc(+5);bbox_and_ok,data\open_if\rediam_andalucia\wfs_cache\2023\perim_incendios_2023.geojson,38,10.000000,0.000000,0.000000,"[-7.049388399999999, 37.2168487, -7.042834899999999, 37.2205607]"
2022410031,2022,2022-07-10,GUILLENA,Sevilla,416.28,471.78,416.28,-6.135154933699434,37.73157721519493,True,ok,15,,15,bronze,ha>=100(+10);attrs_loc(+5);bbox_and_ok,data\open_if\rediam_andalucia\wfs_cache\2022\perim_incendios_2022.geojson,15,9.02148000000e+01,1.96785300000e+02,1.29276000000e+02,"[-6.148302321841668, 37.71568149083303, -6.12236910180248, 37.7513531309298]"
2022410025,2022,2022-06-29,Aznalcazar,Sevilla,254.02,253.71,254.02,-6.21058787333455,37.147098767205684,True,ok,15,,15,bronze,ha>=100(+10);attrs_loc(+5);bbox_and_ok,data\open_if\rediam_andalucia\wfs_cache\2022\perim_incendios_2022.geojson,51,0.00000000000e+00,1.27000000000e+01,2.41320000000e+02,"[-6.232942759683523, 37.129762742377, -6.194105616618461, 37.16238254622307]"
2022410048,2022,2022-07-25,Cantillana,Sevilla,248.51,297.23,248.51,-5.814500364546294,37.65484727373609,True,ok,15,,15,bronze,ha>=100(+10);attrs_loc(+5);bbox_and_ok,data\open_if\rediam_andalucia\wfs_cache\2022\perim_incendios_2022.geojson,54,4.00000000000e+00,1.38710000000e+02,1.05800000000e+02,"[-5.827309153339354, 37.644150513343035, -5.79578389847934, 37.66337671652436]"
2022180062,2022,2022-07-25,PINOS PUENTE,Granada,219.43,227.79,219.43,-3.7185930222853503,37.25499605869949,True,ok,15,,15,bronze,ha>=100(+10);attrs_loc(+5);bbox_and_ok,data\open_if\rediam_andalucia\wfs_cache\2022\perim_incendios_2022.geojson,12,2.17838400000e+02,1.59390000000e+00,0.00000000000e+00,"[-3.7429374212988082, 37.24603702425577, -3.699029937074001, 37.26258972862644]"
2022180036,2022,2022-05-29,GRANADA,Granada,165.73,169.5,165.73,-3.573691239092888,37.18813723084133,True,ok,15,,15,bronze,ha>=100(+10);attrs_loc(+5);bbox_and_ok,data\open_if\rediam_andalucia\wfs_cache\2022\perim_incendios_2022.geojson,0,4.73712000000e+01,1.14935000000e+02,3.42380000000e+00,"[-3.585067564069327, 37.182688470165246, -3.5577883565810615, 37.19410019904184]"
2022140057,2022,2022-07-25,ESPIEL,Córdoba,159.68,174.38,159.68,-5.062346572651318,38.17262786653025,True,ok,15,,15,bronze,ha>=100(+10);attrs_loc(+5);bbox_and_ok,data\open_if\rediam_andalucia\wfs_cache\2022\perim_incendios_2022.geojson,14,1.06450000000e+02,5.32300000000e+01,0.00000000000e+00,"[-5.074937943680428, 38.165731782745084, -5.049503983232334, 38.17852629597273]"
2022110061,2022,2022-07-14,OLVERA,Cádiz,130.24,237.36,130.24,-5.322843645448227,36.939462371936095,True,ok,15,,15,bronze,ha>=100(+10);attrs_loc(+5);bbox_and_ok,data\open_if\rediam_andalucia\wfs_cache\2022\perim_incendios_2022.geojson,4,1.17892000000e+01,1.05056000000e+02,1.33989000000e+01,"[-5.332986018876142, 36.92898520333285, -5.311658500001438, 36.94919351534888]"
2022180006,2022,2022-01-29,Lecrin,Granada,128.52,133.36,128.52,-3.512857011674519,36.96444592181709,True,ok,15,,15,bronze,ha>=100(+10);attrs_loc(+5);bbox_and_ok,data\open_if\rediam_andalucia\wfs_cache\2022\perim_incendios_2022.geojson,36,1.12714000000e+02,1.58069000000e+01,0.00000000000e+00,"[-3.519873083685411, 36.95171791807263, -3.5025818328781813, 36.97352247457621]"
2022180093,2022,2022-10-15,IZNALLOZ,Granada,111.86,120.68,111.86,-3.5343641626023627,37.32695128469896,True,ok,15,,15,bronze,ha>=100(+10);attrs_loc(+5);bbox_and_ok,data\open_if\rediam_andalucia\wfs_cache\2022\perim_incendios_2022.geojson,27,0.00000000000e+00,9.67548000000e+01,1.51021000000e+01,"[-3.542917097049144, 37.318302908739504, -3.52274371107991, 37.33294739283337]"
2022180099,2022,2022-10-25,GORAFE,Granada,110.0,121.93,110.0,-3.05406447714635,37.49981234445436,True,ok,15,,15,bronze,ha>=100(+10);attrs_loc(+5);bbox_and_ok,data\open_if\rediam_andalucia\wfs_cache\2022\perim_incendios_2022.geojson,28,0.00000000000e+00,1.10000000000e+02,0.00000000000e+00,"[-3.064388695003266, 37.49322224702889, -3.0447446128778837, 37.50644412940275]"
2022210043,2022,2022-06-05,LUCENA DEL PUERTO,Huelva,18.3,102.22,102.22,-6.755819771014235,37.30128497891735,True,ok;qa_area_mismatch,15,,15,bronze,ha>=100(+10);attrs_loc(+5);bbox_and_ok,data\open_if\rediam_andalucia\wfs_cache\2022\perim_incendios_2022.geojson,2,0.00000000000e+00,1.83000000000e+01,0.00000000000e+00,"[-6.764852999990296, 37.29561500000336, -6.742150999991529, 37.30785400000329]"
2022110073,2022,2022-07-26,SAN ROQUE,Cádiz,95.26,96.12,95.26,-5.355098800818266,36.25372596546232,True,ok,5,,5,bronze,attrs_loc(+5);bbox_and_ok,data\open_if\rediam_andalucia\wfs_cache\2022\perim_incendios_2022.geojson,20,3.42745786662e+01,5.27549965070e+01,8.23242994000e+00,"[-5.369260770876232, 36.24817373190745, -5.338806729338939, 36.25901490868353]"
2022230111,2022,2022-09-11,SANTIAGO-PONTONES,Jaén,86.57,85.41,86.57,-2.8674597539465134,38.0636584032791,True,ok,5,,5,bronze,attrs_loc(+5);bbox_and_ok,data\open_if\rediam_andalucia\wfs_cache\2022\perim_incendios_2022.geojson,33,3.06020955770e+01,9.00089554000e+00,4.69629154200e+01,"[-2.8736736813873116, 38.0557132117706, -2.8624955043938223, 38.07123166144096]"
2022140031,2022,2022-06-17,RUTE,Córdoba,72.77,74.61,72.77,-4.325851464840464,37.36275121389155,True,ok,5,,5,bronze,attrs_loc(+5);bbox_and_ok,data\open_if\rediam_andalucia\wfs_cache\2022\perim_incendios_2022.geojson,23,0.00000000000e+00,7.27700000000e+01,0.00000000000e+00,"[-4.332811396005954, 37.35884768162835, -4.319777352769658, 37.36744555907686]"
2022040098,2022,2022-11-21,ULEILA DEL CAMPO,Almería,68.08,74.83,68.08,-2.217584537308332,37.15486646340774,True,ok,5,,5,bronze,attrs_loc(+5);bbox_and_ok,data\open_if\rediam_andalucia\wfs_cache\2022\perim_incendios_2022.geojson,30,8.11772090600e+00,4.67857407016e+01,1.31720188250e+01,"[-2.2261913182232296, 37.145140544575796, -2.205398264261744, 37.160805003356145]"
2022040091,2022,2022-10-24,DALIAS,Almería,65.72,66.37,65.72,-2.7736433882375824,36.862388137595985,True,ok,5,,5,bronze,attrs_loc(+5);bbox_and_ok,data\open_if\rediam_andalucia\wfs_cache\2022\perim_incendios_2022.geojson,32,7.54888000000e-03,1.86254905453e+00,6.38537014700e+01,"[-2.7789542999999486, 36.855616200905835, -2.7675799999999033, 36.867183300906]"
2022140025,2022,2022-06-12,POZOBLANCO,Córdoba,54.0,51.52,54.0,-4.8103680771701915,38.21417791971109,True,ok,5,,5,bronze,attrs_loc(+5);bbox_and_ok,data\open_if\rediam_andalucia\wfs_cache\2022\perim_incendios_2022.geojson,22,0.00000000000e+00,5.40000000000e+01,0.00000000000e+00,"[-4.817042065731282, 38.209361986424355, -4.805476930346775, 38.219877983648004]"
2022110059,2022,2022-07-13,JEREZ DE LA FRONTERA,Cádiz,44.11,172.53,44.11,-6.085640119608764,36.659779365199896,True,ok,5,,5,bronze,attrs_loc(+5);bbox_and_ok,data\open_if\rediam_andalucia\wfs_cache\2022\perim_incendios_2022.geojson,8,1.29226000000e+01,7.26080000000e+00,2.39283000000e+01,"[-6.100615623526244, 36.64839138966798, -6.067283188623288, 36.683170193446]"
2022110040,2022,2022-06-30,JIMENA DE LA FRONTERA,Cádiz,36.28,36.27,36.28,-5.4695160335912165,36.485086256108595,True,ok,5,,5,bronze,attrs_loc(+5);bbox_and_ok,data\open_if\rediam_andalucia\wfs_cache\2022\perim_incendios_2022.geojson,13,1.85953000000e+01,1.46705000000e+01,3.01740000000e+00,"[-5.474914717390203, 36.47909503430003, -5.457822522104674, 36.488490477200145]"
2022210077,2022,2022-07-25,HINOJOS,Huelva,31.25,51.53,31.25,-6.477013933931237,37.349241188730936,True,ok,5,,5,bronze,attrs_loc(+5);bbox_and_ok,data\open_if\rediam_andalucia\wfs_cache\2022\perim_incendios_2022.geojson,9,1.73828020000e+01,0.00000000000e+00,1.38701396009e+01,"[-6.486531619960943, 37.34454309268064, -6.468396796535471, 37.35347966243989]"
2022180069,2022,2022-08-10,PINAR,Granada,30.5,31.64,30.5,-3.4227517247613,37.42534618063528,True,ok,5,,5,bronze,attrs_loc(+5);bbox_and_ok,data\open_if\rediam_andalucia\wfs_cache\2022\perim_incendios_2022.geojson,25,3.05000000000e+01,0.00000000000e+00,0.00000000000e+00,"[-3.4279816131252505, 37.42114641198318, -3.4182348912567635, 37.42968197001033]"
2022140024,2022,2022-06-12,HINOJOSA DEL DUQUE,Córdoba,30.0,34.87,30.0,-5.213934703084212,38.42200430379535,True,ok,5,,5,bronze,attrs_loc(+5);bbox_and_ok,data\open_if\rediam_andalucia\wfs_cache\2022\perim_incendios_2022.geojson,21,0.00000000000e+00,0.00000000000e+00,3.00000000000e+01,"[-5.217473441445141, 38.41659619245447, -5.210223727330851, 38.42888585749126]"
2022210068,2022,2022-07-14,HINOJOS,Huelva,29.22,43.97,29.22,-6.471638866436552,37.352671524830605,True,ok,5,,5,bronze,attrs_loc(+5);bbox_and_ok,data\open_if\rediam_andalucia\wfs_cache\2022\perim_incendios_2022.geojson,5,1.31397325300e+01,0.00000000000e+00,1.60767031310e+01,"[-6.4765480000004, 37.34830900000171, -6.46234300000068, 37.35915700000166]"
2022290116,2022,2022-09-10,Competa,Málaga,28.1,31.31,28.1,-3.9751024716290297,36.84271922215517,True,ok,5,,5,bronze,attrs_loc(+5);bbox_and_ok,data\open_if\rediam_andalucia\wfs_cache\2022\perim_incendios_2022.geojson,41,2.60000000000e+00,2.55000000000e+01,0.00000000000e+00,"[-3.9800893631593475, 36.83901511471908, -3.968933369149176, 36.84554129717178]"
2022290052,2022,2022-06-28,Mijas,Málaga,26.47,26.47,26.47,-4.694503176824544,36.56582897706179,True,ok,5,,5,bronze,attrs_loc(+5);bbox_and_ok,data\open_if\rediam_andalucia\wfs_cache\2022\perim_incendios_2022.geojson,38,1.82000000000e+00,2.41400000000e+01,5.10000000000e-01,"[-4.697113400502936, 36.5614560999871, -4.691980562965509, 36.56957555157248]"
2022290097,2022,2022-08-17,Estepona,Málaga,25.46,32.51,25.46,-5.178634479104899,36.427679458433175,True,ok,5,,5,bronze,attrs_loc(+5);bbox_and_ok,data\open_if\rediam_andalucia\wfs_cache\2022\perim_incendios_2022.geojson,40,0.00000000000e+00,2.54600000000e+01,0.00000000000e+00,"[-5.18398049995677, 36.42498600078523, -5.17156719955399, 36.43075680103601]"
2022140046,2022,2022-07-04,SANTA EUFEMIA,Córdoba,25.0,34.08,25.0,-4.95295782688423,38.58836887604844,True,ok,5,,5,bronze,attrs_loc(+5);bbox_and_ok,data\open_if\rediam_andalucia\wfs_cache\2022\perim_incendios_2022.geojson,24,0.00000000000e+00,2.50000000000e+01,0.00000000000e+00,"[-4.957405130026376, 38.5847512449819, -4.946103539621056, 38.59154419607417]"
2022180104,2022,2022-11-07,HUETOR-SANTILLAN,Granada,25.0,33.3,25.0,-3.4427283086165366,37.33411326003333,True,ok,5,,5,bronze,attrs_loc(+5);bbox_and_ok,data\open_if\rediam_andalucia\wfs_cache\2022\perim_incendios_2022.geojson,29,0.00000000000e+00,2.50000000000e+01,0.00000000000e+00,"[-3.446124730572416, 37.3269350962995, -3.4377590787921255, 37.33907397943407]"
2022410090,2022,2022-09-29,Fuentes de Andalucia,Sevilla,25.0,31.21,25.0,-5.312431829166379,37.60730590760733,True,ok,5,,5,bronze,attrs_loc(+5);bbox_and_ok,data\open_if\rediam_andalucia\wfs_cache\2022\perim_incendios_2022.geojson,55,2.50000000000e+01,0.00000000000e+00,0.00000000000e+00,"[-5.320141002285249, 37.59928779122795, -5.306825456137411, 37.61352915320749]"
2022410084,2022,2022-09-20,Villamanrique de la Condesa,Sevilla,24.01,22.87,24.01,-6.267065252779108,37.26001217816219,True,ok,5,,5,bronze,attrs_loc(+5);bbox_and_ok,data\open_if\rediam_andalucia\wfs_cache\2022\perim_incendios_2022.geojson,47,4.20000000000e-01,4.33000000000e+00,1.92600000000e+01,"[-6.271500242800059, 37.25656180720402, -6.260674219461116, 37.26242872952458]"
2022230092,2022,2022-08-14,Andujar,Jaén,23.88,23.97,23.88,-4.055133402960487,38.0717491528394,True,ok,5,,5,bronze,attrs_loc(+5);bbox_and_ok,data\open_if\rediam_andalucia\wfs_cache\2022\perim_incendios_2022.geojson,43,0.00000000000e+00,2.11009647000e+00,2.17724223967e+01,"[-4.059839599982126, 38.06964394700089, -4.049799443379598, 38.074497808030124]"
2022410077,2022,2022-09-04,La Puebla del Rio,Sevilla,21.0,26.86,21.0,-6.142999930889426,37.202225962265246,True,ok,5,,5,bronze,attrs_loc(+5);bbox_and_ok,data\open_if\rediam_andalucia\wfs_cache\2022\perim_incendios_2022.geojson,46,0.00000000000e+00,0.00000000000e+00,2.10000000000e+01,"[-6.151758807576761, 37.19559052902435, -6.130686670975748, 37.20595635125623]"
2022290075,2022,2022-07-23,Algatocin,Málaga,20.5,22.06,20.5,-5.339081097399027,36.61044261661794,True,ok,5,,5,bronze,attrs_loc(+5);bbox_and_ok,data\open_if\rediam_andalucia\wfs_cache\2022\perim_incendios_2022.geojson,42,0.00000000000e+00,4.90000000000e+00,1.56000000000e+01,"[-5.34173729982877, 36.60596209992911, -5.3370050996445295, 36.615274690239]"
2022410097,2022,2022-11-12,Osuna,Sevilla,19.74,19.74,19.74,-5.123750316021055,37.126832220847206,True,ok,5,,5,bronze,attrs_loc(+5);bbox_and_ok,data\open_if\rediam_andalucia\wfs_cache\2022\perim_incendios_2022.geojson,57,1.97000000000e+00,4.94000000000e+00,1.28300000000e+01,"[-5.127585386954671, 37.12443661557878, -5.120202351125307, 37.12916716840961]"
2022110030,2022,2022-06-17,TARIFA,Cádiz,19.61,19.69,19.61,-5.663177443771864,36.172745440874486,True,ok,5,,5,bronze,attrs_loc(+5);bbox_and_ok,data\open_if\rediam_andalucia\wfs_cache\2022\perim_incendios_2022.geojson,17,2.60000000000e-01,5.00000000000e-02,1.93000000000e+01,"[-5.667298436168974, 36.170028994235075, -5.658425688747643, 36.1756628101383]"
2022410027,2022,2022-06-29,Aznalcollar,Sevilla,18.51,29.46,18.51,-6.242860382337746,37.48989165606432,True,ok,5,,5,bronze,attrs_loc(+5);bbox_and_ok,data\open_if\rediam_andalucia\wfs_cache\2022\perim_incendios_2022.geojson,50,0.00000000000e+00,2.00000000000e-01,1.83100000000e+01,"[-6.247277886594069, 37.4870590967175, -6.236670298203202, 37.494043298850194]"
2022410013,2022,2022-06-12,Constantina,Sevilla,17.79,17.43,17.79,-5.605096765933413,37.81059530949313,True,ok,5,,5,bronze,attrs_loc(+5);bbox_and_ok,data\open_if\rediam_andalucia\wfs_cache\2022\perim_incendios_2022.geojson,53,1.77900000000e+01,0.00000000000e+00,0.00000000000e+00,"[-5.6084548131051815, 37.80819509307573, -5.601573340023314, 37.812617083285055]"
2022410039,2022,2022-07-17,Ecija,Sevilla,17.0,14.66,17.0,-5.0270812082516345,37.41125997460551,True,ok,5,,5,bronze,attrs_loc(+5);bbox_and_ok,data\open_if\rediam_andalucia\wfs_cache\2022\perim_incendios_2022.geojson,44,0.00000000000e+00,1.70000000000e+01,0.00000000000e+00,"[-5.029947582451236, 37.396798801947895, -5.021963076337675, 37.42730353197294]"
2022180080,2022,2022-08-29,ALBUÑUELAS,Granada,16.74,8.77,16.74,-3.7331256809005366,36.93448998786148,True,ok,5,,5,bronze,attrs_loc(+5);bbox_and_ok,data\open_if\rediam_andalucia\wfs_cache\2022\perim_incendios_2022.geojson,26,1.67418000000e+01,0.00000000000e+00,0.00000000000e+00,"[-3.735007076210732, 36.93171194780487, -3.731287804300522, 36.93731888716686]"
2022290066,2022,2022-07-16,Villanueva de la Concepcion,Málaga,16.2,17.34,16.2,-4.506894963569324,36.92308743313919,True,ok,5,,5,bronze,attrs_loc(+5);bbox_and_ok,data\open_if\rediam_andalucia\wfs_cache\2022\perim_incendios_2022.geojson,39,4.30000000000e+00,4.90000000000e+00,7.00000000000e+00,"[-4.50937808979815, 36.919825977565445, -4.503966593921341, 36.92627783990842]"
2022410086,2022,2022-09-25,Lora del Rio,Sevilla,15.66,15.66,15.66,-5.589794861951062,37.63916402730774,True,ok,5,,5,bronze,attrs_loc(+5);bbox_and_ok,data\open_if\rediam_andalucia\wfs_cache\2022\perim_incendios_2022.geojson,56,0.00000000000e+00,1.56600000000e+01,0.00000000000e+00,"[-5.5923440320222975, 37.63658640417506, -5.58658914232248, 37.64243399608295]"
2022410096,2022,2022-11-03,Aznalcazar,Sevilla,15.22,16.2,15.22,-6.255838889954089,37.021866201219964,True,ok,5,,5,bronze,attrs_loc(+5);bbox_and_ok,data\open_if\rediam_andalucia\wfs_cache\2022\perim_incendios_2022.geojson,48,0.00000000000e+00,1.52200000000e+01,0.00000000000e+00,"[-6.260866736024804, 37.01498093204651, -6.251360810666526, 37.02893556075526]"
2022210067,2022,2022-07-13,LUCENA DEL PUERTO,Huelva,13.89,14.6,13.89,-6.751184575145402,37.21827743317533,True,ok,5,,5,bronze,attrs_loc(+5);bbox_and_ok,data\open_if\rediam_andalucia\wfs_cache\2022\perim_incendios_2022.geojson,11,6.57529060000e+00,1.41846000000e-01,7.17450701020e+00,"[-6.753637389706577, 37.21488631480058, -6.749537602273444, 37.22402194581126]"
2022290016,2022,2022-02-01,Ojen,Málaga,12.65,12.65,12.65,-4.847863999739122,36.54630237277234,True,ok,5,,5,bronze,attrs_loc(+5);bbox_and_ok,data\open_if\rediam_andalucia\wfs_cache\2022\perim_incendios_2022.geojson,37,6.50000000000e-01,1.20000000000e+01,0.00000000000e+00,"[-4.851112550771119, 36.54385319531568, -4.845828031718781, 36.549365543693284]"
2022140071,2022,2022-08-15,LUQUE,Córdoba,12.02,13.42,12.02,-4.25309140458887,37.545460266976896,True,ok,5,,5,bronze,attrs_loc(+5);bbox_and_ok,data\open_if\rediam_andalucia\wfs_cache\2022\perim_incendios_2022.geojson,31,0.00000000000e+00,7.52946000000e-01,1.12635316000e+01,"[-4.259078300687973, 37.543352516796126, -4.249133429319371, 37.548718634743004]"
2022180002,2022,2022-01-24,Gorafe,Granada,11.96,12.04,11.96,-3.011175882408817,37.586558773403375,True,ok,5,,5,bronze,attrs_loc(+5);bbox_and_ok,data\open_if\rediam_andalucia\wfs_cache\2022\perim_incendios_2022.geojson,35,1.39700000000e+00,1.05680000000e+01,0.00000000000e+00,"[-3.014222545425989, 37.583148416745225, -3.0069302223209604, 37.59351447181125]"
2022410044,2022,2022-07-23,Castiblanco de los Arroyos,Sevilla,10.9,10.89,10.9,-5.962506869355948,37.653471592436865,True,ok,5,,5,bronze,attrs_loc(+5);bbox_and_ok,data\open_if\rediam_andalucia\wfs_cache\2022\perim_incendios_2022.geojson,52,5.90000000000e-01,1.05000000000e+00,9.26000000000e+00,"[-5.965435933329852, 37.65156171400858, -5.958657072240336, 37.65529406232115]"
2022410052,2022,2022-07-30,Ecija,Sevilla,10.5,8.3,10.5,-5.0198391451716855,37.39250457645954,True,ok,5,,5,bronze,attrs_loc(+5);bbox_and_ok,data\open_if\rediam_andalucia\wfs_cache\2022\perim_incendios_2022.geojson,45,0.00000000000e+00,1.05000000000e+01,0.00000000000e+00,"[-5.023282476540448, 37.38899309917881, -5.015496637042758, 37.39694848317548]"
2022110070,2022,2022-07-22,TARIFA,Cádiz,10.45,10.51,10.45,-5.670915502959366,36.05994325156268,True,ok,5,,5,bronze,attrs_loc(+5);bbox_and_ok,data\open_if\rediam_andalucia\wfs_cache\2022\perim_incendios_2022.geojson,16,0.00000000000e+00,1.04519000000e+01,0.00000000000e+00,"[-5.678011178978953, 36.058158852028136, -5.666397213944229, 36.06273610837873]"
2022210098,2022,2022-09-18,El Cerro de Andevalo,Huelva,10.39,10.38,10.39,-7.122393099228262,37.622874550126106,True,ok,5,,5,bronze,attrs_loc(+5);bbox_and_ok,data\open_if\rediam_andalucia\wfs_cache\2022\perim_incendios_2022.geojson,49,0.00000000000e+00,3.74566200000e+00,6.64591570000e+00,"[-7.125363000095877, 37.621285000002636, -7.119548000095208, 37.62420800000267]"
2022410050,2022,2022-07-26,AZNALCAZAR,Sevilla,29.9,3.05,3.05,-6.260885184330471,37.26456310973159,True,ok;qa_area_mismatch,5,,5,bronze,attrs_loc(+5);bbox_and_ok,data\open_if\rediam_andalucia\wfs_cache\2022\perim_incendios_2022.geojson,34,8.07000000000e+00,1.51500000000e+01,6.68000000000e+00,"[-6.262089945874008, 37.26333891286919, -6.2592607692730375, 37.26576271764728]"
